[
	{
		"id" : 22,
		"username" : "ollie",
		"password" : "25d55ad283aa400af464c76d713c07ad",
		"enabled" : 1,
		"loggedOn" : null,
		"logggedoff" : null,
		"retries" : 0,
		"mustchangepwd" : 0,
		"locked" : 0,
		"unlocktime" : null,
		"passwordexpiry" : "2022-06-12 18:46:44"
	},
	{
		"id" : 23,
		"username" : "leilani",
		"password" : "25d55ad283aa400af464c76d713c07ad",
		"enabled" : 1,
		"loggedOn" : null,
		"logggedoff" : null,
		"retries" : 0,
		"mustchangepwd" : 0,
		"locked" : 0,
		"unlocktime" : null,
		"passwordexpiry" : "2022-06-12 18:46:44"
	},
	{
		"id" : 24,
		"username" : "cristobal",
		"password" : "25d55ad283aa400af464c76d713c07ad",
		"enabled" : 1,
		"loggedOn" : null,
		"logggedoff" : null,
		"retries" : 0,
		"mustchangepwd" : 0,
		"locked" : 0,
		"unlocktime" : null,
		"passwordexpiry" : "2022-06-12 18:46:44"
	},
	{
		"id" : 25,
		"username" : "davin",
		"password" : "25d55ad283aa400af464c76d713c07ad",
		"enabled" : 1,
		"loggedOn" : null,
		"logggedoff" : null,
		"retries" : 0,
		"mustchangepwd" : 0,
		"locked" : 0,
		"unlocktime" : null,
		"passwordexpiry" : "2022-06-12 18:46:44"
	},
	{
		"id" : 26,
		"username" : "vidal",
		"password" : "25d55ad283aa400af464c76d713c07ad",
		"enabled" : 1,
		"loggedOn" : null,
		"logggedoff" : null,
		"retries" : 0,
		"mustchangepwd" : 0,
		"locked" : 0,
		"unlocktime" : null,
		"passwordexpiry" : "2022-06-12 18:46:44"
	},
	{
		"id" : 27,
		"username" : "tracey",
		"password" : "25d55ad283aa400af464c76d713c07ad",
		"enabled" : 1,
		"loggedOn" : "2022-01-26 13:21:56",
		"logggedoff" : null,
		"retries" : 0,
		"mustchangepwd" : 0,
		"locked" : 0,
		"unlocktime" : null,
		"passwordexpiry" : "2022-06-12 18:46:44"
	},
	{
		"id" : 28,
		"username" : "joaquin",
		"password" : "25d55ad283aa400af464c76d713c07ad",
		"enabled" : 1,
		"loggedOn" : null,
		"logggedoff" : null,
		"retries" : 0,
		"mustchangepwd" : 0,
		"locked" : 0,
		"unlocktime" : null,
		"passwordexpiry" : "2022-06-12 18:46:44"
	},
	{
		"id" : 29,
		"username" : "larissa",
		"password" : "25d55ad283aa400af464c76d713c07ad",
		"enabled" : 1,
		"loggedOn" : null,
		"logggedoff" : null,
		"retries" : 0,
		"mustchangepwd" : 0,
		"locked" : 0,
		"unlocktime" : null,
		"passwordexpiry" : "2022-06-12 18:46:44"
	},
	{
		"id" : 30,
		"username" : "elise",
		"password" : "25d55ad283aa400af464c76d713c07ad",
		"enabled" : 1,
		"loggedOn" : "2022-01-26 13:21:56",
		"logggedoff" : "2022-01-26 13:21:56",
		"retries" : 4,
		"mustchangepwd" : 0,
		"locked" : 0,
		"unlocktime" : null,
		"passwordexpiry" : "2022-06-12 18:46:44"
	},
	{
		"id" : 31,
		"username" : "ella",
		"password" : "25d55ad283aa400af464c76d713c07ad",
		"enabled" : 1,
		"loggedOn" : "2022-02-13 16:53:39",
		"logggedoff" : null,
		"retries" : 0,
		"mustchangepwd" : 0,
		"locked" : 0,
		"unlocktime" : null,
		"passwordexpiry" : "2022-06-12 18:46:44"
	},
	{
		"id" : 32,
		"username" : "derick",
		"password" : "25d55ad283aa400af464c76d713c07ad",
		"enabled" : 1,
		"loggedOn" : null,
		"logggedoff" : null,
		"retries" : 0,
		"mustchangepwd" : 0,
		"locked" : 0,
		"unlocktime" : null,
		"passwordexpiry" : "2022-06-12 18:46:44"
	},
	{
		"id" : 33,
		"username" : "lonie",
		"password" : "25d55ad283aa400af464c76d713c07ad",
		"enabled" : 1,
		"loggedOn" : null,
		"logggedoff" : null,
		"retries" : 0,
		"mustchangepwd" : 0,
		"locked" : 0,
		"unlocktime" : null,
		"passwordexpiry" : "2022-06-12 18:46:44"
	},
	{
		"id" : 34,
		"username" : "jasen",
		"password" : "25d55ad283aa400af464c76d713c07ad",
		"enabled" : 1,
		"loggedOn" : null,
		"logggedoff" : null,
		"retries" : 0,
		"mustchangepwd" : 0,
		"locked" : 0,
		"unlocktime" : null,
		"passwordexpiry" : "2022-06-12 18:46:44"
	},
	{
		"id" : 35,
		"username" : "adolf",
		"password" : "25d55ad283aa400af464c76d713c07ad",
		"enabled" : 1,
		"loggedOn" : null,
		"logggedoff" : null,
		"retries" : 0,
		"mustchangepwd" : 0,
		"locked" : 0,
		"unlocktime" : null,
		"passwordexpiry" : "2022-06-12 18:46:44"
	},
	{
		"id" : 36,
		"username" : "ciara",
		"password" : "25d55ad283aa400af464c76d713c07ad",
		"enabled" : 1,
		"loggedOn" : null,
		"logggedoff" : null,
		"retries" : 0,
		"mustchangepwd" : 0,
		"locked" : 0,
		"unlocktime" : null,
		"passwordexpiry" : "2022-06-12 18:46:44"
	},
	{
		"id" : 37,
		"username" : "lilian",
		"password" : "25d55ad283aa400af464c76d713c07ad",
		"enabled" : 1,
		"loggedOn" : null,
		"logggedoff" : null,
		"retries" : 0,
		"mustchangepwd" : 0,
		"locked" : 0,
		"unlocktime" : null,
		"passwordexpiry" : "2022-06-12 18:46:44"
	},
	{
		"id" : 38,
		"username" : "reed",
		"password" : "25d55ad283aa400af464c76d713c07ad",
		"enabled" : 1,
		"loggedOn" : null,
		"logggedoff" : null,
		"retries" : 0,
		"mustchangepwd" : 0,
		"locked" : 0,
		"unlocktime" : null,
		"passwordexpiry" : "2022-06-12 18:46:44"
	},
	{
		"id" : 39,
		"username" : "akeem",
		"password" : "25d55ad283aa400af464c76d713c07ad",
		"enabled" : 1,
		"loggedOn" : null,
		"logggedoff" : null,
		"retries" : 0,
		"mustchangepwd" : 0,
		"locked" : 0,
		"unlocktime" : null,
		"passwordexpiry" : "2022-06-12 18:46:44"
	},
	{
		"id" : 40,
		"username" : "rory",
		"password" : "25d55ad283aa400af464c76d713c07ad",
		"enabled" : 1,
		"loggedOn" : null,
		"logggedoff" : null,
		"retries" : 0,
		"mustchangepwd" : 0,
		"locked" : 0,
		"unlocktime" : null,
		"passwordexpiry" : "2022-06-12 18:46:44"
	},
	{
		"id" : 41,
		"username" : "ervin",
		"password" : "25d55ad283aa400af464c76d713c07ad",
		"enabled" : 1,
		"loggedOn" : null,
		"logggedoff" : null,
		"retries" : 0,
		"mustchangepwd" : 0,
		"locked" : 0,
		"unlocktime" : null,
		"passwordexpiry" : "2022-06-12 18:46:44"
	},
	{
		"id" : 42,
		"username" : "esteban",
		"password" : "25d55ad283aa400af464c76d713c07ad",
		"enabled" : 1,
		"loggedOn" : null,
		"logggedoff" : null,
		"retries" : 0,
		"mustchangepwd" : 0,
		"locked" : 0,
		"unlocktime" : null,
		"passwordexpiry" : "2022-06-12 18:46:44"
	},
	{
		"id" : 43,
		"username" : "annetta",
		"password" : "25d55ad283aa400af464c76d713c07ad",
		"enabled" : 1,
		"loggedOn" : null,
		"logggedoff" : null,
		"retries" : 0,
		"mustchangepwd" : 0,
		"locked" : 0,
		"unlocktime" : null,
		"passwordexpiry" : "2022-06-12 18:46:44"
	},
	{
		"id" : 44,
		"username" : "gaston",
		"password" : "25d55ad283aa400af464c76d713c07ad",
		"enabled" : 1,
		"loggedOn" : null,
		"logggedoff" : null,
		"retries" : 0,
		"mustchangepwd" : 0,
		"locked" : 0,
		"unlocktime" : null,
		"passwordexpiry" : "2022-06-12 18:46:44"
	},
	{
		"id" : 45,
		"username" : "elna",
		"password" : "25d55ad283aa400af464c76d713c07ad",
		"enabled" : 1,
		"loggedOn" : null,
		"logggedoff" : null,
		"retries" : 0,
		"mustchangepwd" : 0,
		"locked" : 0,
		"unlocktime" : null,
		"passwordexpiry" : "2022-06-12 18:46:44"
	},
	{
		"id" : 46,
		"username" : "augustus",
		"password" : "25d55ad283aa400af464c76d713c07ad",
		"enabled" : 1,
		"loggedOn" : null,
		"logggedoff" : null,
		"retries" : 0,
		"mustchangepwd" : 0,
		"locked" : 0,
		"unlocktime" : null,
		"passwordexpiry" : "2022-06-12 18:46:44"
	},
	{
		"id" : 47,
		"username" : "marietta",
		"password" : "25d55ad283aa400af464c76d713c07ad",
		"enabled" : 1,
		"loggedOn" : null,
		"logggedoff" : null,
		"retries" : 0,
		"mustchangepwd" : 0,
		"locked" : 0,
		"unlocktime" : null,
		"passwordexpiry" : "2022-06-12 18:46:44"
	},
	{
		"id" : 48,
		"username" : "ida",
		"password" : "25d55ad283aa400af464c76d713c07ad",
		"enabled" : 1,
		"loggedOn" : null,
		"logggedoff" : null,
		"retries" : 0,
		"mustchangepwd" : 0,
		"locked" : 1,
		"unlocktime" : "2022-02-13 14:47:22",
		"passwordexpiry" : "2022-06-12 18:46:44"
	},
	{
		"id" : 49,
		"username" : "naomie",
		"password" : "25d55ad283aa400af464c76d713c07ad",
		"enabled" : 1,
		"loggedOn" : "2022-02-13 19:36:55",
		"logggedoff" : null,
		"retries" : 0,
		"mustchangepwd" : 0,
		"locked" : 0,
		"unlocktime" : null,
		"passwordexpiry" : "2022-06-12 18:46:44"
	},
	{
		"id" : 50,
		"username" : "keyon",
		"password" : "25d55ad283aa400af464c76d713c07ad",
		"enabled" : 1,
		"loggedOn" : null,
		"logggedoff" : null,
		"retries" : 0,
		"mustchangepwd" : 0,
		"locked" : 0,
		"unlocktime" : null,
		"passwordexpiry" : "2022-06-12 18:46:44"
	},
	{
		"id" : 51,
		"username" : "jamie",
		"password" : "25d55ad283aa400af464c76d713c07ad",
		"enabled" : 1,
		"loggedOn" : null,
		"logggedoff" : null,
		"retries" : 0,
		"mustchangepwd" : 0,
		"locked" : 0,
		"unlocktime" : null,
		"passwordexpiry" : "2022-06-12 18:46:44"
	},
	{
		"id" : 52,
		"username" : "penelope",
		"password" : "25d55ad283aa400af464c76d713c07ad",
		"enabled" : 1,
		"loggedOn" : null,
		"logggedoff" : null,
		"retries" : 0,
		"mustchangepwd" : 0,
		"locked" : 0,
		"unlocktime" : null,
		"passwordexpiry" : "2022-06-12 18:46:44"
	},
	{
		"id" : 53,
		"username" : "murphy",
		"password" : "25d55ad283aa400af464c76d713c07ad",
		"enabled" : 1,
		"loggedOn" : null,
		"logggedoff" : null,
		"retries" : 0,
		"mustchangepwd" : 0,
		"locked" : 1,
		"unlocktime" : "2022-02-12 18:32:06",
		"passwordexpiry" : "2022-06-12 18:46:44"
	},
	{
		"id" : 54,
		"username" : "karl",
		"password" : "25d55ad283aa400af464c76d713c07ad",
		"enabled" : 1,
		"loggedOn" : null,
		"logggedoff" : null,
		"retries" : 0,
		"mustchangepwd" : 0,
		"locked" : 0,
		"unlocktime" : null,
		"passwordexpiry" : "2022-06-12 18:46:44"
	},
	{
		"id" : 55,
		"username" : "antonette",
		"password" : "25d55ad283aa400af464c76d713c07ad",
		"enabled" : 1,
		"loggedOn" : null,
		"logggedoff" : null,
		"retries" : 0,
		"mustchangepwd" : 0,
		"locked" : 0,
		"unlocktime" : null,
		"passwordexpiry" : "2022-06-12 18:46:44"
	},
	{
		"id" : 56,
		"username" : "kian",
		"password" : "25d55ad283aa400af464c76d713c07ad",
		"enabled" : 1,
		"loggedOn" : null,
		"logggedoff" : null,
		"retries" : 0,
		"mustchangepwd" : 0,
		"locked" : 0,
		"unlocktime" : null,
		"passwordexpiry" : "2022-06-12 18:46:44"
	},
	{
		"id" : 57,
		"username" : "zena",
		"password" : "25d55ad283aa400af464c76d713c07ad",
		"enabled" : 1,
		"loggedOn" : null,
		"logggedoff" : null,
		"retries" : 0,
		"mustchangepwd" : 0,
		"locked" : 0,
		"unlocktime" : null,
		"passwordexpiry" : "2022-06-12 18:46:44"
	},
	{
		"id" : 58,
		"username" : "kasandra",
		"password" : "25d55ad283aa400af464c76d713c07ad",
		"enabled" : 1,
		"loggedOn" : null,
		"logggedoff" : null,
		"retries" : 0,
		"mustchangepwd" : 0,
		"locked" : 0,
		"unlocktime" : null,
		"passwordexpiry" : "2022-06-12 18:46:44"
	},
	{
		"id" : 59,
		"username" : "berneice",
		"password" : "25d55ad283aa400af464c76d713c07ad",
		"enabled" : 1,
		"loggedOn" : null,
		"logggedoff" : null,
		"retries" : 0,
		"mustchangepwd" : 0,
		"locked" : 0,
		"unlocktime" : null,
		"passwordexpiry" : "2022-06-12 18:46:44"
	},
	{
		"id" : 60,
		"username" : "greg",
		"password" : "25d55ad283aa400af464c76d713c07ad",
		"enabled" : 1,
		"loggedOn" : null,
		"logggedoff" : null,
		"retries" : 0,
		"mustchangepwd" : 0,
		"locked" : 0,
		"unlocktime" : null,
		"passwordexpiry" : "2022-06-12 18:46:44"
	},
	{
		"id" : 61,
		"username" : "leanna",
		"password" : "25d55ad283aa400af464c76d713c07ad",
		"enabled" : 1,
		"loggedOn" : null,
		"logggedoff" : null,
		"retries" : 0,
		"mustchangepwd" : 0,
		"locked" : 0,
		"unlocktime" : null,
		"passwordexpiry" : "2022-06-12 18:46:44"
	},
	{
		"id" : 62,
		"username" : "anya",
		"password" : "25d55ad283aa400af464c76d713c07ad",
		"enabled" : 1,
		"loggedOn" : null,
		"logggedoff" : null,
		"retries" : 0,
		"mustchangepwd" : 0,
		"locked" : 0,
		"unlocktime" : null,
		"passwordexpiry" : "2022-06-12 18:46:44"
	},
	{
		"id" : 63,
		"username" : "dana",
		"password" : "25d55ad283aa400af464c76d713c07ad",
		"enabled" : 1,
		"loggedOn" : null,
		"logggedoff" : null,
		"retries" : 0,
		"mustchangepwd" : 0,
		"locked" : 0,
		"unlocktime" : null,
		"passwordexpiry" : "2022-06-12 18:46:44"
	},
	{
		"id" : 64,
		"username" : "bernard",
		"password" : "25d55ad283aa400af464c76d713c07ad",
		"enabled" : 1,
		"loggedOn" : null,
		"logggedoff" : null,
		"retries" : 0,
		"mustchangepwd" : 0,
		"locked" : 0,
		"unlocktime" : null,
		"passwordexpiry" : "2022-06-12 18:46:44"
	},
	{
		"id" : 65,
		"username" : "brady",
		"password" : "25d55ad283aa400af464c76d713c07ad",
		"enabled" : 1,
		"loggedOn" : null,
		"logggedoff" : null,
		"retries" : 0,
		"mustchangepwd" : 0,
		"locked" : 0,
		"unlocktime" : null,
		"passwordexpiry" : "2022-06-12 18:46:44"
	},
	{
		"id" : 66,
		"username" : "ubaldo",
		"password" : "25d55ad283aa400af464c76d713c07ad",
		"enabled" : 1,
		"loggedOn" : null,
		"logggedoff" : null,
		"retries" : 0,
		"mustchangepwd" : 0,
		"locked" : 0,
		"unlocktime" : null,
		"passwordexpiry" : "2022-06-12 18:46:44"
	},
	{
		"id" : 67,
		"username" : "jordan",
		"password" : "25d55ad283aa400af464c76d713c07ad",
		"enabled" : 1,
		"loggedOn" : null,
		"logggedoff" : null,
		"retries" : 0,
		"mustchangepwd" : 0,
		"locked" : 0,
		"unlocktime" : null,
		"passwordexpiry" : "2022-06-12 18:46:44"
	},
	{
		"id" : 68,
		"username" : "agustina",
		"password" : "25d55ad283aa400af464c76d713c07ad",
		"enabled" : 1,
		"loggedOn" : null,
		"logggedoff" : null,
		"retries" : 0,
		"mustchangepwd" : 0,
		"locked" : 0,
		"unlocktime" : null,
		"passwordexpiry" : "2022-06-12 18:46:44"
	},
	{
		"id" : 69,
		"username" : "alexander",
		"password" : "25d55ad283aa400af464c76d713c07ad",
		"enabled" : 1,
		"loggedOn" : null,
		"logggedoff" : null,
		"retries" : 0,
		"mustchangepwd" : 0,
		"locked" : 0,
		"unlocktime" : null,
		"passwordexpiry" : "2022-06-12 18:46:44"
	},
	{
		"id" : 70,
		"username" : "henry",
		"password" : "25d55ad283aa400af464c76d713c07ad",
		"enabled" : 1,
		"loggedOn" : null,
		"logggedoff" : null,
		"retries" : 0,
		"mustchangepwd" : 0,
		"locked" : 0,
		"unlocktime" : null,
		"passwordexpiry" : "2022-06-12 18:46:44"
	},
	{
		"id" : 72,
		"username" : "gilberto",
		"password" : "25d55ad283aa400af464c76d713c07ad",
		"enabled" : 1,
		"loggedOn" : null,
		"logggedoff" : null,
		"retries" : 0,
		"mustchangepwd" : 0,
		"locked" : 0,
		"unlocktime" : null,
		"passwordexpiry" : "2022-06-12 18:46:44"
	},
	{
		"id" : 73,
		"username" : "ferne",
		"password" : "25d55ad283aa400af464c76d713c07ad",
		"enabled" : 1,
		"loggedOn" : null,
		"logggedoff" : null,
		"retries" : 0,
		"mustchangepwd" : 0,
		"locked" : 0,
		"unlocktime" : null,
		"passwordexpiry" : "2022-06-12 18:46:44"
	},
	{
		"id" : 74,
		"username" : "esther",
		"password" : "25d55ad283aa400af464c76d713c07ad",
		"enabled" : 1,
		"loggedOn" : null,
		"logggedoff" : null,
		"retries" : 0,
		"mustchangepwd" : 0,
		"locked" : 0,
		"unlocktime" : null,
		"passwordexpiry" : "2022-06-12 18:46:44"
	},
	{
		"id" : 75,
		"username" : "ernestine",
		"password" : "25d55ad283aa400af464c76d713c07ad",
		"enabled" : 1,
		"loggedOn" : null,
		"logggedoff" : null,
		"retries" : 0,
		"mustchangepwd" : 0,
		"locked" : 0,
		"unlocktime" : null,
		"passwordexpiry" : "2022-06-12 18:46:44"
	},
	{
		"id" : 76,
		"username" : "gerda",
		"password" : "25d55ad283aa400af464c76d713c07ad",
		"enabled" : 1,
		"loggedOn" : null,
		"logggedoff" : null,
		"retries" : 0,
		"mustchangepwd" : 0,
		"locked" : 0,
		"unlocktime" : null,
		"passwordexpiry" : "2022-06-12 18:46:44"
	},
	{
		"id" : 77,
		"username" : "keira",
		"password" : "25d55ad283aa400af464c76d713c07ad",
		"enabled" : 1,
		"loggedOn" : null,
		"logggedoff" : null,
		"retries" : 0,
		"mustchangepwd" : 0,
		"locked" : 0,
		"unlocktime" : null,
		"passwordexpiry" : "2022-06-12 18:46:44"
	},
	{
		"id" : 78,
		"username" : "michaela",
		"password" : "25d55ad283aa400af464c76d713c07ad",
		"enabled" : 1,
		"loggedOn" : null,
		"logggedoff" : null,
		"retries" : 0,
		"mustchangepwd" : 0,
		"locked" : 0,
		"unlocktime" : null,
		"passwordexpiry" : "2022-06-12 18:46:44"
	},
	{
		"id" : 79,
		"username" : "rubie",
		"password" : "25d55ad283aa400af464c76d713c07ad",
		"enabled" : 1,
		"loggedOn" : null,
		"logggedoff" : null,
		"retries" : 0,
		"mustchangepwd" : 0,
		"locked" : 0,
		"unlocktime" : null,
		"passwordexpiry" : "2022-06-12 18:46:44"
	},
	{
		"id" : 80,
		"username" : "melyssa",
		"password" : "25d55ad283aa400af464c76d713c07ad",
		"enabled" : 1,
		"loggedOn" : null,
		"logggedoff" : null,
		"retries" : 0,
		"mustchangepwd" : 0,
		"locked" : 0,
		"unlocktime" : null,
		"passwordexpiry" : "2022-06-12 18:46:44"
	},
	{
		"id" : 81,
		"username" : "everardo",
		"password" : "25d55ad283aa400af464c76d713c07ad",
		"enabled" : 1,
		"loggedOn" : null,
		"logggedoff" : null,
		"retries" : 0,
		"mustchangepwd" : 0,
		"locked" : 0,
		"unlocktime" : null,
		"passwordexpiry" : "2022-06-12 18:46:44"
	},
	{
		"id" : 82,
		"username" : "dorothea",
		"password" : "25d55ad283aa400af464c76d713c07ad",
		"enabled" : 1,
		"loggedOn" : null,
		"logggedoff" : null,
		"retries" : 0,
		"mustchangepwd" : 0,
		"locked" : 0,
		"unlocktime" : null,
		"passwordexpiry" : "2022-06-12 18:46:44"
	},
	{
		"id" : 83,
		"username" : "benedict",
		"password" : "25d55ad283aa400af464c76d713c07ad",
		"enabled" : 1,
		"loggedOn" : null,
		"logggedoff" : null,
		"retries" : 0,
		"mustchangepwd" : 0,
		"locked" : 0,
		"unlocktime" : null,
		"passwordexpiry" : "2022-06-12 18:46:44"
	},
	{
		"id" : 84,
		"username" : "delphia",
		"password" : "25d55ad283aa400af464c76d713c07ad",
		"enabled" : 1,
		"loggedOn" : null,
		"logggedoff" : null,
		"retries" : 0,
		"mustchangepwd" : 0,
		"locked" : 0,
		"unlocktime" : null,
		"passwordexpiry" : "2022-06-12 18:46:44"
	},
	{
		"id" : 85,
		"username" : "sienna",
		"password" : "25d55ad283aa400af464c76d713c07ad",
		"enabled" : 1,
		"loggedOn" : null,
		"logggedoff" : null,
		"retries" : 0,
		"mustchangepwd" : 0,
		"locked" : 0,
		"unlocktime" : null,
		"passwordexpiry" : "2022-06-12 18:46:44"
	},
	{
		"id" : 86,
		"username" : "antonia",
		"password" : "25d55ad283aa400af464c76d713c07ad",
		"enabled" : 1,
		"loggedOn" : null,
		"logggedoff" : null,
		"retries" : 0,
		"mustchangepwd" : 0,
		"locked" : 0,
		"unlocktime" : null,
		"passwordexpiry" : "2022-06-12 18:46:44"
	},
	{
		"id" : 87,
		"username" : "bonita",
		"password" : "25d55ad283aa400af464c76d713c07ad",
		"enabled" : 1,
		"loggedOn" : null,
		"logggedoff" : null,
		"retries" : 0,
		"mustchangepwd" : 0,
		"locked" : 0,
		"unlocktime" : null,
		"passwordexpiry" : "2022-06-12 18:46:44"
	},
	{
		"id" : 88,
		"username" : "wiley",
		"password" : "25d55ad283aa400af464c76d713c07ad",
		"enabled" : 1,
		"loggedOn" : null,
		"logggedoff" : null,
		"retries" : 0,
		"mustchangepwd" : 0,
		"locked" : 0,
		"unlocktime" : null,
		"passwordexpiry" : "2022-06-12 18:46:44"
	},
	{
		"id" : 89,
		"username" : "geovanny",
		"password" : "25d55ad283aa400af464c76d713c07ad",
		"enabled" : 1,
		"loggedOn" : null,
		"logggedoff" : null,
		"retries" : 0,
		"mustchangepwd" : 0,
		"locked" : 0,
		"unlocktime" : null,
		"passwordexpiry" : "2022-06-12 18:46:44"
	},
	{
		"id" : 90,
		"username" : "myriam",
		"password" : "25d55ad283aa400af464c76d713c07ad",
		"enabled" : 1,
		"loggedOn" : null,
		"logggedoff" : null,
		"retries" : 0,
		"mustchangepwd" : 0,
		"locked" : 0,
		"unlocktime" : null,
		"passwordexpiry" : "2022-06-12 18:46:44"
	},
	{
		"id" : 91,
		"username" : "ephraim",
		"password" : "25d55ad283aa400af464c76d713c07ad",
		"enabled" : 1,
		"loggedOn" : null,
		"logggedoff" : null,
		"retries" : 0,
		"mustchangepwd" : 0,
		"locked" : 0,
		"unlocktime" : null,
		"passwordexpiry" : "2022-06-12 18:46:44"
	},
	{
		"id" : 92,
		"username" : "ruthie",
		"password" : "25d55ad283aa400af464c76d713c07ad",
		"enabled" : 1,
		"loggedOn" : null,
		"logggedoff" : null,
		"retries" : 0,
		"mustchangepwd" : 0,
		"locked" : 0,
		"unlocktime" : null,
		"passwordexpiry" : "2022-06-12 18:46:44"
	},
	{
		"id" : 93,
		"username" : "meredith",
		"password" : "25d55ad283aa400af464c76d713c07ad",
		"enabled" : 1,
		"loggedOn" : null,
		"logggedoff" : null,
		"retries" : 0,
		"mustchangepwd" : 0,
		"locked" : 0,
		"unlocktime" : null,
		"passwordexpiry" : "2022-06-12 18:46:44"
	},
	{
		"id" : 94,
		"username" : "madyson",
		"password" : "25d55ad283aa400af464c76d713c07ad",
		"enabled" : 1,
		"loggedOn" : null,
		"logggedoff" : null,
		"retries" : 0,
		"mustchangepwd" : 0,
		"locked" : 0,
		"unlocktime" : null,
		"passwordexpiry" : "2022-06-12 18:46:44"
	},
	{
		"id" : 95,
		"username" : "orlando",
		"password" : "25d55ad283aa400af464c76d713c07ad",
		"enabled" : 1,
		"loggedOn" : null,
		"logggedoff" : null,
		"retries" : 0,
		"mustchangepwd" : 0,
		"locked" : 0,
		"unlocktime" : null,
		"passwordexpiry" : "2022-06-12 18:46:44"
	},
	{
		"id" : 96,
		"username" : "alessandra",
		"password" : "25d55ad283aa400af464c76d713c07ad",
		"enabled" : 1,
		"loggedOn" : null,
		"logggedoff" : null,
		"retries" : 0,
		"mustchangepwd" : 0,
		"locked" : 0,
		"unlocktime" : null,
		"passwordexpiry" : "2022-06-12 18:46:44"
	},
	{
		"id" : 97,
		"username" : "patsy",
		"password" : "25d55ad283aa400af464c76d713c07ad",
		"enabled" : 1,
		"loggedOn" : null,
		"logggedoff" : null,
		"retries" : 0,
		"mustchangepwd" : 0,
		"locked" : 0,
		"unlocktime" : null,
		"passwordexpiry" : "2022-06-12 18:46:44"
	},
	{
		"id" : 98,
		"username" : "ross",
		"password" : "25d55ad283aa400af464c76d713c07ad",
		"enabled" : 1,
		"loggedOn" : null,
		"logggedoff" : null,
		"retries" : 0,
		"mustchangepwd" : 0,
		"locked" : 0,
		"unlocktime" : null,
		"passwordexpiry" : "2022-06-12 18:46:44"
	},
	{
		"id" : 99,
		"username" : "jasper",
		"password" : "25d55ad283aa400af464c76d713c07ad",
		"enabled" : 1,
		"loggedOn" : null,
		"logggedoff" : null,
		"retries" : 0,
		"mustchangepwd" : 0,
		"locked" : 0,
		"unlocktime" : null,
		"passwordexpiry" : "2022-06-12 18:46:44"
	},
	{
		"id" : 100,
		"username" : "josefina",
		"password" : "25d55ad283aa400af464c76d713c07ad",
		"enabled" : 1,
		"loggedOn" : null,
		"logggedoff" : null,
		"retries" : 0,
		"mustchangepwd" : 0,
		"locked" : 0,
		"unlocktime" : null,
		"passwordexpiry" : "2022-06-12 18:46:44"
	},
	{
		"id" : 101,
		"username" : "judy",
		"password" : "25d55ad283aa400af464c76d713c07ad",
		"enabled" : 1,
		"loggedOn" : null,
		"logggedoff" : null,
		"retries" : 0,
		"mustchangepwd" : 0,
		"locked" : 0,
		"unlocktime" : null,
		"passwordexpiry" : "2022-06-12 18:46:44"
	},
	{
		"id" : 102,
		"username" : "norma",
		"password" : "25d55ad283aa400af464c76d713c07ad",
		"enabled" : 1,
		"loggedOn" : null,
		"logggedoff" : null,
		"retries" : 0,
		"mustchangepwd" : 0,
		"locked" : 0,
		"unlocktime" : null,
		"passwordexpiry" : "2022-06-12 18:46:44"
	},
	{
		"id" : 103,
		"username" : "jovan",
		"password" : "25d55ad283aa400af464c76d713c07ad",
		"enabled" : 1,
		"loggedOn" : null,
		"logggedoff" : null,
		"retries" : 0,
		"mustchangepwd" : 0,
		"locked" : 0,
		"unlocktime" : null,
		"passwordexpiry" : "2022-06-12 18:46:44"
	},
	{
		"id" : 104,
		"username" : "winnifred",
		"password" : "25d55ad283aa400af464c76d713c07ad",
		"enabled" : 1,
		"loggedOn" : null,
		"logggedoff" : null,
		"retries" : 0,
		"mustchangepwd" : 0,
		"locked" : 0,
		"unlocktime" : null,
		"passwordexpiry" : "2022-06-12 18:46:44"
	},
	{
		"id" : 105,
		"username" : "candida",
		"password" : "25d55ad283aa400af464c76d713c07ad",
		"enabled" : 1,
		"loggedOn" : null,
		"logggedoff" : null,
		"retries" : 0,
		"mustchangepwd" : 0,
		"locked" : 0,
		"unlocktime" : null,
		"passwordexpiry" : "2022-06-12 18:46:44"
	},
	{
		"id" : 106,
		"username" : "kelli",
		"password" : "25d55ad283aa400af464c76d713c07ad",
		"enabled" : 1,
		"loggedOn" : null,
		"logggedoff" : null,
		"retries" : 0,
		"mustchangepwd" : 0,
		"locked" : 0,
		"unlocktime" : null,
		"passwordexpiry" : "2022-06-12 18:46:44"
	},
	{
		"id" : 107,
		"username" : "makenzie",
		"password" : "25d55ad283aa400af464c76d713c07ad",
		"enabled" : 1,
		"loggedOn" : null,
		"logggedoff" : null,
		"retries" : 0,
		"mustchangepwd" : 0,
		"locked" : 0,
		"unlocktime" : null,
		"passwordexpiry" : "2022-06-12 18:46:44"
	},
	{
		"id" : 108,
		"username" : "noel",
		"password" : "25d55ad283aa400af464c76d713c07ad",
		"enabled" : 1,
		"loggedOn" : null,
		"logggedoff" : null,
		"retries" : 0,
		"mustchangepwd" : 0,
		"locked" : 0,
		"unlocktime" : null,
		"passwordexpiry" : "2022-06-12 18:46:44"
	},
	{
		"id" : 109,
		"username" : "danielle",
		"password" : "25d55ad283aa400af464c76d713c07ad",
		"enabled" : 1,
		"loggedOn" : null,
		"logggedoff" : null,
		"retries" : 0,
		"mustchangepwd" : 0,
		"locked" : 0,
		"unlocktime" : null,
		"passwordexpiry" : "2022-06-12 18:46:44"
	},
	{
		"id" : 110,
		"username" : "meagan",
		"password" : "25d55ad283aa400af464c76d713c07ad",
		"enabled" : 1,
		"loggedOn" : null,
		"logggedoff" : null,
		"retries" : 0,
		"mustchangepwd" : 0,
		"locked" : 0,
		"unlocktime" : null,
		"passwordexpiry" : "2022-06-12 18:46:44"
	},
	{
		"id" : 111,
		"username" : "justice",
		"password" : "25d55ad283aa400af464c76d713c07ad",
		"enabled" : 1,
		"loggedOn" : null,
		"logggedoff" : null,
		"retries" : 0,
		"mustchangepwd" : 0,
		"locked" : 0,
		"unlocktime" : null,
		"passwordexpiry" : "2022-06-12 18:46:44"
	},
	{
		"id" : 112,
		"username" : "eva",
		"password" : "25d55ad283aa400af464c76d713c07ad",
		"enabled" : 1,
		"loggedOn" : null,
		"logggedoff" : null,
		"retries" : 0,
		"mustchangepwd" : 0,
		"locked" : 0,
		"unlocktime" : null,
		"passwordexpiry" : "2022-06-12 18:46:44"
	},
	{
		"id" : 113,
		"username" : "myrna",
		"password" : "25d55ad283aa400af464c76d713c07ad",
		"enabled" : 1,
		"loggedOn" : null,
		"logggedoff" : null,
		"retries" : 0,
		"mustchangepwd" : 0,
		"locked" : 0,
		"unlocktime" : null,
		"passwordexpiry" : "2022-06-12 18:46:44"
	},
	{
		"id" : 114,
		"username" : "mabelle",
		"password" : "25d55ad283aa400af464c76d713c07ad",
		"enabled" : 1,
		"loggedOn" : null,
		"logggedoff" : null,
		"retries" : 0,
		"mustchangepwd" : 0,
		"locked" : 0,
		"unlocktime" : null,
		"passwordexpiry" : "2022-06-12 18:46:44"
	},
	{
		"id" : 115,
		"username" : "dan",
		"password" : "25d55ad283aa400af464c76d713c07ad",
		"enabled" : 1,
		"loggedOn" : null,
		"logggedoff" : null,
		"retries" : 0,
		"mustchangepwd" : 0,
		"locked" : 0,
		"unlocktime" : null,
		"passwordexpiry" : "2022-06-12 18:46:44"
	},
	{
		"id" : 116,
		"username" : "vaughn",
		"password" : "25d55ad283aa400af464c76d713c07ad",
		"enabled" : 1,
		"loggedOn" : null,
		"logggedoff" : null,
		"retries" : 0,
		"mustchangepwd" : 0,
		"locked" : 0,
		"unlocktime" : null,
		"passwordexpiry" : "2022-06-12 18:46:44"
	},
	{
		"id" : 117,
		"username" : "mozelle",
		"password" : "25d55ad283aa400af464c76d713c07ad",
		"enabled" : 1,
		"loggedOn" : null,
		"logggedoff" : null,
		"retries" : 0,
		"mustchangepwd" : 0,
		"locked" : 0,
		"unlocktime" : null,
		"passwordexpiry" : "2022-06-12 18:46:44"
	},
	{
		"id" : 118,
		"username" : "zachary",
		"password" : "25d55ad283aa400af464c76d713c07ad",
		"enabled" : 1,
		"loggedOn" : null,
		"logggedoff" : null,
		"retries" : 0,
		"mustchangepwd" : 0,
		"locked" : 0,
		"unlocktime" : null,
		"passwordexpiry" : "2022-06-12 18:46:44"
	},
	{
		"id" : 119,
		"username" : "stephon",
		"password" : "25d55ad283aa400af464c76d713c07ad",
		"enabled" : 1,
		"loggedOn" : null,
		"logggedoff" : null,
		"retries" : 0,
		"mustchangepwd" : 0,
		"locked" : 0,
		"unlocktime" : null,
		"passwordexpiry" : "2022-06-12 18:46:44"
	},
	{
		"id" : 120,
		"username" : "casandra",
		"password" : "25d55ad283aa400af464c76d713c07ad",
		"enabled" : 1,
		"loggedOn" : null,
		"logggedoff" : null,
		"retries" : 0,
		"mustchangepwd" : 0,
		"locked" : 0,
		"unlocktime" : null,
		"passwordexpiry" : "2022-06-12 18:46:44"
	},
	{
		"id" : 121,
		"username" : "janis",
		"password" : "25d55ad283aa400af464c76d713c07ad",
		"enabled" : 1,
		"loggedOn" : null,
		"logggedoff" : null,
		"retries" : 0,
		"mustchangepwd" : 0,
		"locked" : 0,
		"unlocktime" : null,
		"passwordexpiry" : "2022-06-12 18:46:44"
	},
	{
		"id" : 122,
		"username" : "name",
		"password" : "25d55ad283aa400af464c76d713c07ad",
		"enabled" : 1,
		"loggedOn" : null,
		"logggedoff" : null,
		"retries" : 0,
		"mustchangepwd" : 0,
		"locked" : 0,
		"unlocktime" : null,
		"passwordexpiry" : "2022-06-12 18:46:44"
	},
	{
		"id" : 123,
		"username" : "chris",
		"password" : "25d55ad283aa400af464c76d713c07ad",
		"enabled" : 1,
		"loggedOn" : null,
		"logggedoff" : null,
		"retries" : 0,
		"mustchangepwd" : 0,
		"locked" : 0,
		"unlocktime" : null,
		"passwordexpiry" : "2022-06-12 18:46:44"
	},
	{
		"id" : 124,
		"username" : "terrell",
		"password" : "25d55ad283aa400af464c76d713c07ad",
		"enabled" : 1,
		"loggedOn" : null,
		"logggedoff" : null,
		"retries" : 0,
		"mustchangepwd" : 0,
		"locked" : 0,
		"unlocktime" : null,
		"passwordexpiry" : "2022-06-12 18:46:44"
	},
	{
		"id" : 125,
		"username" : "idell",
		"password" : "25d55ad283aa400af464c76d713c07ad",
		"enabled" : 1,
		"loggedOn" : null,
		"logggedoff" : null,
		"retries" : 0,
		"mustchangepwd" : 0,
		"locked" : 0,
		"unlocktime" : null,
		"passwordexpiry" : "2022-06-12 18:46:44"
	},
	{
		"id" : 126,
		"username" : "elvis",
		"password" : "25d55ad283aa400af464c76d713c07ad",
		"enabled" : 1,
		"loggedOn" : null,
		"logggedoff" : null,
		"retries" : 0,
		"mustchangepwd" : 0,
		"locked" : 0,
		"unlocktime" : null,
		"passwordexpiry" : "2022-06-12 18:46:44"
	},
	{
		"id" : 127,
		"username" : "deven",
		"password" : "25d55ad283aa400af464c76d713c07ad",
		"enabled" : 1,
		"loggedOn" : null,
		"logggedoff" : null,
		"retries" : 0,
		"mustchangepwd" : 0,
		"locked" : 0,
		"unlocktime" : null,
		"passwordexpiry" : "2022-06-12 18:46:44"
	},
	{
		"id" : 128,
		"username" : "diana",
		"password" : "25d55ad283aa400af464c76d713c07ad",
		"enabled" : 1,
		"loggedOn" : null,
		"logggedoff" : null,
		"retries" : 0,
		"mustchangepwd" : 0,
		"locked" : 0,
		"unlocktime" : null,
		"passwordexpiry" : "2022-06-12 18:46:44"
	},
	{
		"id" : 129,
		"username" : "beatrice",
		"password" : "25d55ad283aa400af464c76d713c07ad",
		"enabled" : 1,
		"loggedOn" : null,
		"logggedoff" : null,
		"retries" : 0,
		"mustchangepwd" : 0,
		"locked" : 0,
		"unlocktime" : null,
		"passwordexpiry" : "2022-06-12 18:46:44"
	},
	{
		"id" : 130,
		"username" : "theresia",
		"password" : "25d55ad283aa400af464c76d713c07ad",
		"enabled" : 1,
		"loggedOn" : null,
		"logggedoff" : null,
		"retries" : 0,
		"mustchangepwd" : 0,
		"locked" : 0,
		"unlocktime" : null,
		"passwordexpiry" : "2022-06-12 18:46:44"
	},
	{
		"id" : 131,
		"username" : "mallory",
		"password" : "25d55ad283aa400af464c76d713c07ad",
		"enabled" : 1,
		"loggedOn" : null,
		"logggedoff" : null,
		"retries" : 0,
		"mustchangepwd" : 0,
		"locked" : 0,
		"unlocktime" : null,
		"passwordexpiry" : "2022-06-12 18:46:44"
	},
	{
		"id" : 132,
		"username" : "loma",
		"password" : "25d55ad283aa400af464c76d713c07ad",
		"enabled" : 1,
		"loggedOn" : null,
		"logggedoff" : null,
		"retries" : 0,
		"mustchangepwd" : 0,
		"locked" : 0,
		"unlocktime" : null,
		"passwordexpiry" : "2022-06-12 18:46:44"
	},
	{
		"id" : 133,
		"username" : "ali",
		"password" : "25d55ad283aa400af464c76d713c07ad",
		"enabled" : 1,
		"loggedOn" : null,
		"logggedoff" : null,
		"retries" : 0,
		"mustchangepwd" : 0,
		"locked" : 0,
		"unlocktime" : null,
		"passwordexpiry" : "2022-06-12 18:46:44"
	},
	{
		"id" : 134,
		"username" : "simone",
		"password" : "25d55ad283aa400af464c76d713c07ad",
		"enabled" : 1,
		"loggedOn" : null,
		"logggedoff" : null,
		"retries" : 0,
		"mustchangepwd" : 0,
		"locked" : 0,
		"unlocktime" : null,
		"passwordexpiry" : "2022-06-12 18:46:44"
	},
	{
		"id" : 135,
		"username" : "haley",
		"password" : "25d55ad283aa400af464c76d713c07ad",
		"enabled" : 1,
		"loggedOn" : null,
		"logggedoff" : null,
		"retries" : 0,
		"mustchangepwd" : 0,
		"locked" : 0,
		"unlocktime" : null,
		"passwordexpiry" : "2022-06-12 18:46:44"
	},
	{
		"id" : 136,
		"username" : "norberto",
		"password" : "25d55ad283aa400af464c76d713c07ad",
		"enabled" : 1,
		"loggedOn" : null,
		"logggedoff" : null,
		"retries" : 0,
		"mustchangepwd" : 0,
		"locked" : 0,
		"unlocktime" : null,
		"passwordexpiry" : "2022-06-12 18:46:44"
	},
	{
		"id" : 137,
		"username" : "vernie",
		"password" : "25d55ad283aa400af464c76d713c07ad",
		"enabled" : 1,
		"loggedOn" : null,
		"logggedoff" : null,
		"retries" : 0,
		"mustchangepwd" : 0,
		"locked" : 0,
		"unlocktime" : null,
		"passwordexpiry" : "2022-06-12 18:46:44"
	},
	{
		"id" : 138,
		"username" : "jordane",
		"password" : "25d55ad283aa400af464c76d713c07ad",
		"enabled" : 1,
		"loggedOn" : null,
		"logggedoff" : null,
		"retries" : 0,
		"mustchangepwd" : 0,
		"locked" : 0,
		"unlocktime" : null,
		"passwordexpiry" : "2022-06-12 18:46:44"
	},
	{
		"id" : 139,
		"username" : "dillon",
		"password" : "25d55ad283aa400af464c76d713c07ad",
		"enabled" : 1,
		"loggedOn" : null,
		"logggedoff" : null,
		"retries" : 0,
		"mustchangepwd" : 0,
		"locked" : 0,
		"unlocktime" : null,
		"passwordexpiry" : "2022-06-12 18:46:44"
	},
	{
		"id" : 140,
		"username" : "leland",
		"password" : "25d55ad283aa400af464c76d713c07ad",
		"enabled" : 1,
		"loggedOn" : null,
		"logggedoff" : null,
		"retries" : 0,
		"mustchangepwd" : 0,
		"locked" : 0,
		"unlocktime" : null,
		"passwordexpiry" : "2022-06-12 18:46:44"
	},
	{
		"id" : 141,
		"username" : "isobel",
		"password" : "25d55ad283aa400af464c76d713c07ad",
		"enabled" : 1,
		"loggedOn" : null,
		"logggedoff" : null,
		"retries" : 0,
		"mustchangepwd" : 0,
		"locked" : 0,
		"unlocktime" : null,
		"passwordexpiry" : "2022-06-12 18:46:44"
	},
	{
		"id" : 142,
		"username" : "mylene",
		"password" : "25d55ad283aa400af464c76d713c07ad",
		"enabled" : 1,
		"loggedOn" : null,
		"logggedoff" : null,
		"retries" : 0,
		"mustchangepwd" : 0,
		"locked" : 0,
		"unlocktime" : null,
		"passwordexpiry" : "2022-06-12 18:46:44"
	},
	{
		"id" : 143,
		"username" : "magnolia",
		"password" : "25d55ad283aa400af464c76d713c07ad",
		"enabled" : 1,
		"loggedOn" : null,
		"logggedoff" : null,
		"retries" : 0,
		"mustchangepwd" : 0,
		"locked" : 0,
		"unlocktime" : null,
		"passwordexpiry" : "2022-06-12 18:46:44"
	},
	{
		"id" : 144,
		"username" : "mortimer",
		"password" : "25d55ad283aa400af464c76d713c07ad",
		"enabled" : 1,
		"loggedOn" : null,
		"logggedoff" : null,
		"retries" : 0,
		"mustchangepwd" : 0,
		"locked" : 0,
		"unlocktime" : null,
		"passwordexpiry" : "2022-06-12 18:46:44"
	},
	{
		"id" : 145,
		"username" : "elizabeth",
		"password" : "25d55ad283aa400af464c76d713c07ad",
		"enabled" : 1,
		"loggedOn" : null,
		"logggedoff" : null,
		"retries" : 0,
		"mustchangepwd" : 0,
		"locked" : 0,
		"unlocktime" : null,
		"passwordexpiry" : "2022-06-12 18:46:44"
	},
	{
		"id" : 146,
		"username" : "chester",
		"password" : "25d55ad283aa400af464c76d713c07ad",
		"enabled" : 1,
		"loggedOn" : null,
		"logggedoff" : null,
		"retries" : 0,
		"mustchangepwd" : 0,
		"locked" : 0,
		"unlocktime" : null,
		"passwordexpiry" : "2022-06-12 18:46:44"
	},
	{
		"id" : 147,
		"username" : "celestino",
		"password" : "25d55ad283aa400af464c76d713c07ad",
		"enabled" : 1,
		"loggedOn" : null,
		"logggedoff" : null,
		"retries" : 0,
		"mustchangepwd" : 0,
		"locked" : 0,
		"unlocktime" : null,
		"passwordexpiry" : "2022-06-12 18:46:44"
	},
	{
		"id" : 148,
		"username" : "davin2",
		"password" : "25d55ad283aa400af464c76d713c07ad",
		"enabled" : 1,
		"loggedOn" : null,
		"logggedoff" : null,
		"retries" : 0,
		"mustchangepwd" : 0,
		"locked" : 0,
		"unlocktime" : null,
		"passwordexpiry" : "2022-06-12 18:46:44"
	},
	{
		"id" : 149,
		"username" : "davin3",
		"password" : "25d55ad283aa400af464c76d713c07ad",
		"enabled" : 1,
		"loggedOn" : null,
		"logggedoff" : null,
		"retries" : 3,
		"mustchangepwd" : 0,
		"locked" : 1,
		"unlocktime" : null,
		"passwordexpiry" : "2022-06-12 18:46:44"
	}
]
